"","V1","V2","V3","V4","V5","V6","V7","V8","V9","V10","V11","V12","V13","V14","V15"
"1",0,2,3,1,2,1,2,2,3,1,2,1,2,1,0
"2",3,2,2,1,2,1,2,2,0,3,3,2,0,1,0
"3",3,1,2,1,2,1,2,0,2,1,1,2,0,1,0
"4",0,2,2,1,3,1,2,3,0,3,3,2,2,1,3
"5",3,2,2,2,2,3,2,0,0,3,1,1,1,1,2
"6",0,1,1,0,2,2,0,0,0,1,3,2,0,1,0
"7",3,2,2,1,2,2,2,0,3,3,1,2,2,1,1
"8",3,2,3,2,2,1,2,3,0,0,2,3,1,1,2
"9",0,1,3,1,2,2,2,0,3,3,3,0,0,1,1
"10",3,2,2,0,2,1,2,2,3,1,0,0,3,1,0
"11",0,3,3,3,2,3,2,3,3,1,3,3,1,1,2
"12",0,1,3,2,2,1,2,1,2,0,3,0,1,1,2
"13",3,0,1,0,2,0,2,3,3,0,1,3,0,1,0
"14",3,0,3,0,1,2,2,0,0,0,1,1,0,1,0
"15",3,2,2,2,2,2,2,3,0,1,3,2,0,1,2
"16",3,1,2,3,2,1,2,0,3,3,0,0,3,1,1
"17",3,2,2,0,2,2,1,2,3,1,3,2,3,1,2
"18",3,2,2,2,2,2,2,0,0,1,3,3,2,1,2
"19",3,1,2,3,0,2,2,1,0,3,3,2,2,1,2
"20",2,1,3,3,2,2,2,0,2,0,2,3,1,1,2
"21",2,2,3,2,2,2,2,0,0,3,3,2,2,0,0
"22",0,1,3,3,2,3,2,0,0,0,3,2,2,1,2
"23",0,1,1,1,2,2,2,2,3,3,1,2,2,1,0
"24",0,0,0,1,0,0,1,0,0,3,3,2,3,0,0
"25",3,1,1,2,2,2,2,2,0,1,1,3,0,1,1
"26",0,1,2,3,2,0,2,0,3,3,0,2,2,1,1
"27",2,1,1,3,1,1,2,2,0,3,0,2,3,1,0
"28",0,0,0,0,1,0,2,0,3,0,0,0,2,0,0
"29",0,2,2,2,2,1,2,2,3,3,3,0,3,1,0
"30",3,0,3,0,2,1,2,0,0,3,2,2,3,1,2
"31",3,1,3,3,2,1,2,0,3,0,3,2,3,1,1
"32",3,1,2,3,2,2,1,2,3,2,1,2,0,1,2
"33",3,1,1,0,2,2,2,3,3,3,3,2,0,1,2
"34",2,1,2,1,2,2,2,3,3,3,1,2,0,1,1
"35",0,0,1,1,2,0,2,1,0,1,3,2,2,0,1
"36",0,1,2,1,2,1,1,0,0,3,2,2,0,1,1
"37",2,1,2,1,2,0,2,2,3,1,3,1,3,1,2
"38",2,1,3,1,2,1,2,0,3,3,0,3,0,0,1
"39",0,2,3,3,2,2,2,3,0,3,2,3,0,1,2
"40",3,2,1,1,2,1,2,2,3,3,3,2,3,1,2
"41",3,1,2,0,2,1,0,1,3,3,2,2,2,1,0
"42",3,2,2,1,2,2,2,0,2,3,2,2,3,1,2
"43",3,2,2,0,2,3,2,3,0,1,3,2,1,1,2
"44",0,2,2,2,2,1,2,3,2,0,0,0,0,1,1
"45",0,1,2,0,2,2,2,3,3,3,1,3,0,1,2
"46",0,1,1,1,0,1,2,1,0,3,2,2,3,1,2
"47",3,1,2,1,2,0,0,3,3,0,3,2,3,1,2
"48",3,2,1,3,2,2,2,0,2,3,2,2,0,1,2
"49",3,1,2,1,2,3,2,0,3,1,1,2,0,1,1
"50",0,2,3,1,2,2,2,3,3,3,3,2,3,1,2
"51",3,1,3,1,2,3,2,0,3,1,3,2,0,1,2
"52",2,1,2,1,2,1,1,2,0,1,3,1,2,0,1
"53",3,2,3,2,2,1,2,2,0,0,2,2,3,1,1
"54",3,1,1,0,2,0,2,0,3,1,1,2,0,1,2
"55",3,2,2,3,2,2,2,1,3,3,1,2,3,3,2
"56",3,2,3,2,2,3,2,0,3,3,3,2,3,1,2
"57",0,1,2,0,2,2,0,0,2,0,1,0,1,0,2
"58",3,2,1,0,2,1,2,3,3,2,0,2,0,0,1
"59",3,1,3,0,2,1,2,3,3,3,3,2,0,1,1
"60",0,1,2,0,2,1,2,2,3,3,3,2,1,1,0
"61",3,3,3,3,3,3,2,3,3,3,3,2,0,1,2
"62",3,2,1,1,2,2,2,1,3,1,0,2,3,0,2
"63",3,2,2,3,2,2,2,0,3,3,3,2,3,1,0
"64",3,0,1,0,2,1,2,3,3,3,3,0,2,1,0
"65",2,1,0,0,2,1,0,3,3,0,2,1,1,0,0
"66",0,0,2,2,2,2,2,0,3,0,2,2,1,1,2
"67",3,0,0,1,1,2,0,0,3,2,0,2,0,0,0
"68",3,2,3,3,2,3,2,2,3,1,3,3,1,1,2
"69",3,2,2,1,2,2,2,3,0,3,3,0,0,1,3
"70",3,2,3,3,2,3,3,3,3,0,3,2,1,1,2
"71",3,1,3,3,2,1,2,2,3,1,2,2,0,1,3
"72",3,1,1,1,2,1,0,2,0,3,3,2,0,1,0
"73",0,1,3,1,2,3,2,0,3,3,2,2,0,1,1
"74",3,0,1,1,2,1,0,1,0,0,3,2,2,1,1
"75",0,1,2,0,2,1,0,0,3,0,0,2,3,1,0
"76",0,1,3,2,2,0,1,3,3,3,3,2,0,1,1
"77",3,1,1,1,2,1,2,0,3,3,1,0,0,1,1
"78",1,1,2,1,2,1,2,3,3,1,3,2,3,1,1
"79",3,1,1,1,2,1,2,0,3,3,3,2,3,1,0
"80",3,1,1,0,2,1,2,0,2,3,3,2,1,0,1
"81",2,1,0,3,2,1,2,0,3,3,3,2,1,1,2
"82",0,1,1,1,2,2,2,3,2,1,3,3,0,1,0
"83",3,2,2,1,2,2,2,3,0,3,0,2,2,1,2
"84",3,0,1,0,2,1,1,0,3,3,0,1,1,0,1
"85",3,2,2,1,2,3,2,1,3,0,0,0,3,1,2
"86",3,1,3,0,2,3,2,2,3,1,3,2,0,1,2
"87",0,1,3,1,2,3,3,3,2,3,2,2,0,1,1
"88",3,1,0,3,2,0,2,2,3,3,2,3,0,1,0
"89",3,1,1,2,2,0,2,0,3,2,3,0,2,3,2
"90",3,2,1,2,2,2,2,3,3,1,3,2,3,0,2
"91",0,1,2,1,2,3,2,0,3,3,3,3,0,1,0
"92",0,2,3,2,2,2,2,2,0,3,3,3,3,1,1
"93",0,1,3,1,2,3,2,2,3,0,3,2,2,1,1
"94",3,1,3,2,2,1,2,3,3,3,1,0,0,1,0
"95",3,2,3,3,2,2,2,2,3,3,1,0,2,1,3
"96",2,2,3,1,2,0,2,3,3,3,1,2,2,1,1
"97",0,1,0,0,2,2,2,1,3,3,3,2,0,0,0
"98",0,1,1,0,2,0,2,3,3,1,2,2,0,1,1
"99",3,1,1,0,2,1,2,3,3,1,0,2,3,0,2
"100",3,1,2,1,2,0,2,3,0,1,1,1,2,1,0
"101",3,1,3,2,2,2,2,0,0,0,0,2,1,1,3
"102",3,1,2,0,2,1,2,3,3,3,3,2,0,1,1
"103",0,1,2,0,2,0,0,2,3,2,3,2,2,0,0
"104",3,2,3,0,2,2,2,3,3,3,3,3,1,1,1
"105",2,1,1,0,1,2,1,2,3,3,2,2,3,1,0
"106",2,2,3,1,2,3,2,3,0,3,2,3,0,1,2
"107",1,1,3,2,2,3,2,3,2,1,0,2,0,1,2
"108",3,2,2,1,2,1,2,2,3,3,3,2,2,1,2
"109",0,1,3,0,2,3,3,3,3,3,2,2,3,1,1
"110",3,2,3,3,2,3,2,3,0,2,3,2,2,1,2
"111",0,1,1,3,2,0,2,3,3,0,1,1,0,1,0
"112",2,2,2,0,2,0,2,0,0,3,0,0,3,1,2
"113",3,2,3,3,2,3,2,3,3,1,3,2,3,1,1
"114",0,1,1,2,2,0,0,0,0,0,3,2,0,0,0
"115",0,1,1,2,2,1,2,0,2,0,3,3,3,1,1
"116",2,1,1,1,2,0,2,1,3,1,2,0,0,1,0
"117",3,2,0,1,2,0,2,2,0,1,3,2,0,1,1
"118",2,2,0,0,2,2,0,3,3,3,2,2,2,1,0
"119",0,2,3,1,2,1,2,1,3,0,0,2,3,1,0
"120",0,1,3,0,2,0,2,1,3,3,3,2,3,1,1
"121",3,1,2,2,2,0,2,0,2,0,0,2,0,1,0
"122",3,2,3,2,3,1,2,3,3,3,0,3,1,0,2
"123",3,2,0,0,2,1,1,2,3,0,1,2,3,0,2
"124",0,1,3,2,2,0,2,3,0,0,3,2,0,0,1
"125",3,3,1,1,2,0,2,0,3,3,1,2,0,1,2
"126",3,1,2,3,2,1,2,3,3,2,3,1,0,1,2
"127",0,2,2,2,2,0,2,0,3,3,3,2,3,1,1
"128",3,1,1,1,2,1,2,0,0,3,3,3,1,1,1
"129",2,1,1,0,2,3,2,2,0,0,0,0,1,1,0
"130",2,1,1,3,2,2,0,2,0,1,3,2,0,1,1
"131",2,1,2,3,2,3,2,1,0,0,2,0,0,1,1
"132",3,1,1,1,2,1,2,3,3,3,3,2,2,0,0
"133",0,1,1,0,2,1,2,3,3,3,3,3,1,1,0
"134",0,1,2,0,1,0,1,0,3,0,3,2,0,0,0
"135",3,1,3,2,2,3,2,0,3,2,2,1,2,1,1
"136",0,1,0,1,2,0,2,0,3,0,1,1,3,0,1
"137",0,1,3,0,2,1,2,3,3,1,3,0,2,1,1
"138",2,1,1,2,2,1,2,3,0,1,3,2,0,1,1
"139",0,2,1,0,2,1,2,0,0,1,3,2,1,1,1
"140",0,2,1,1,1,2,0,0,0,0,3,2,2,1,0
"141",3,1,0,0,2,0,0,0,0,3,3,2,2,0,0
"142",3,1,2,1,2,3,2,3,3,1,3,3,2,1,2
"143",0,0,0,0,1,0,2,0,0,0,1,2,0,0,0
"144",2,0,2,0,2,1,0,3,2,1,3,2,0,0,1
"145",0,0,1,1,2,2,2,0,3,0,1,2,2,0,0
"146",2,1,1,1,2,3,2,0,0,3,2,2,0,1,1
"147",3,2,3,3,2,2,0,3,3,3,3,3,3,1,1
"148",0,2,3,0,2,1,2,1,0,3,1,2,0,1,1
"149",0,1,0,0,2,0,2,2,0,1,2,2,2,0,0
"150",2,0,1,1,2,1,2,2,0,0,0,2,3,1,0
"151",2,2,1,0,2,1,2,3,0,0,2,2,2,1,0
"152",3,2,2,2,2,1,2,2,3,2,0,0,2,1,2
"153",3,2,2,3,2,0,2,3,3,0,3,2,3,1,1
"154",0,1,2,0,2,1,2,0,0,3,2,2,2,1,1
"155",0,1,2,1,2,1,0,0,0,3,0,2,2,1,0
"156",0,1,1,2,2,1,0,2,0,0,0,0,3,1,1
"157",3,2,3,2,2,3,2,3,2,1,3,2,0,1,2
"158",3,1,2,2,2,2,2,0,2,1,0,1,0,1,0
"159",2,2,1,1,1,0,1,1,3,0,2,2,0,1,0
"160",3,2,3,1,2,2,2,3,2,3,3,2,0,1,2
"161",0,2,3,1,2,1,2,3,3,1,3,2,3,1,2
"162",0,1,1,1,2,3,1,2,3,0,2,0,0,1,1
"163",3,2,3,3,2,2,2,2,0,3,3,2,3,1,2
"164",3,2,3,3,2,3,2,1,3,3,2,2,3,0,2
"165",0,1,0,1,2,3,0,0,3,1,1,2,0,1,0
"166",3,2,3,3,2,3,2,3,3,3,3,2,0,1,2
"167",0,1,1,3,1,3,2,3,3,0,1,2,3,1,1
"168",1,0,0,0,2,0,0,0,3,0,1,2,0,0,0
"169",0,1,2,1,2,3,2,2,0,0,1,2,2,1,1
"170",0,1,1,1,2,3,2,3,0,0,1,2,0,1,1
"171",3,2,3,3,2,3,2,3,3,0,3,2,3,1,2
"172",0,1,2,1,2,1,2,0,3,3,2,2,1,1,2
"173",0,2,3,0,2,1,2,0,3,3,2,2,2,1,2
"174",0,1,2,1,2,3,2,0,3,3,3,2,1,1,0
"175",1,1,2,0,2,1,2,0,0,3,1,1,0,1,1
"176",3,0,2,0,2,2,0,2,3,3,0,2,0,1,0
"177",3,1,3,0,2,2,2,0,0,3,3,2,2,1,2
"178",3,2,3,2,2,0,3,3,0,3,3,2,3,3,2
"179",3,2,3,3,2,2,3,2,3,3,1,2,0,1,1
"180",3,2,3,2,2,1,2,2,3,3,3,2,2,1,2
"181",0,1,0,2,0,0,1,0,0,0,2,1,2,0,0
"182",3,2,3,3,2,3,2,2,0,3,3,2,3,1,0
"183",3,1,2,3,2,1,2,0,3,0,3,2,3,1,1
"184",0,1,0,1,2,0,0,0,3,3,0,1,0,0,2
"185",0,1,3,1,2,1,2,3,2,0,3,2,0,1,1
"186",0,1,2,1,2,1,1,0,0,1,3,2,1,1,2
"187",2,2,3,2,2,3,2,3,3,1,3,3,2,1,1
"188",3,1,1,1,2,3,0,1,3,3,3,0,3,1,2
"189",0,0,2,1,2,2,2,0,3,0,0,3,2,0,0
"190",0,0,2,2,1,1,2,2,0,3,3,1,2,1,0
"191",3,1,2,1,2,1,3,2,0,3,3,2,2,1,2
"192",3,2,2,3,2,1,2,2,2,0,1,2,0,1,1
"193",0,1,1,2,1,2,2,0,3,1,3,1,1,1,2
"194",3,1,3,1,2,1,2,3,3,3,3,2,3,1,0
"195",2,2,0,0,2,2,2,0,3,3,0,2,0,1,0
"196",3,1,1,2,2,1,2,3,3,3,2,2,2,1,0
"197",3,2,3,1,2,2,2,0,2,3,2,2,2,1,1
"198",0,2,0,1,2,0,1,3,2,3,1,2,0,1,0
"199",2,1,3,1,2,1,2,3,0,0,0,2,0,1,1
"200",0,1,1,0,2,1,2,0,2,3,3,2,3,1,1
"201",3,2,3,0,2,2,2,2,2,3,2,2,0,1,0
"202",3,2,2,2,2,3,2,3,3,0,3,2,0,1,3
"203",0,2,3,2,2,2,2,1,3,1,3,2,0,1,0
"204",2,1,0,0,2,2,1,3,0,3,3,1,0,1,2
"205",0,0,0,0,2,0,0,0,3,3,2,1,1,1,0
"206",3,2,3,3,3,3,2,3,3,3,3,2,2,2,2
"207",0,1,3,3,2,3,2,2,3,0,3,2,3,1,2
"208",1,2,2,0,2,3,2,0,3,3,2,2,2,1,1
"209",3,2,1,0,2,1,2,0,3,0,0,3,0,1,0
"210",2,1,3,3,2,1,1,2,3,1,3,3,2,1,2
"211",0,1,1,2,2,3,2,3,3,3,3,0,0,1,1
"212",0,2,3,2,2,2,2,3,3,1,3,2,0,1,0
"213",0,1,0,2,2,3,2,2,0,1,3,2,1,1,1
"214",0,1,1,0,2,0,1,0,3,3,3,0,0,1,1
"215",3,2,2,0,2,2,2,3,3,3,3,1,0,1,1
"216",0,2,2,3,2,2,2,3,0,3,3,1,0,1,2
"217",2,1,0,0,2,1,2,0,3,0,0,3,3,0,2
"218",3,0,0,0,1,0,2,0,0,1,0,2,0,0,0
"219",2,2,2,1,2,1,2,3,3,0,3,2,0,1,1
"220",3,1,2,1,2,1,2,3,2,1,3,0,3,1,0
"221",0,1,1,2,1,0,1,0,3,1,1,2,1,0,0
"222",0,1,1,1,2,0,2,2,3,0,1,2,1,1,1
"223",2,0,2,2,2,0,2,0,1,2,2,2,1,1,1
"224",0,1,2,1,2,2,2,3,3,1,1,1,3,1,0
"225",0,1,2,0,2,0,0,2,0,2,2,1,3,1,1
"226",3,2,3,3,2,2,2,3,3,3,3,3,3,1,1
"227",3,1,3,1,2,1,2,0,3,3,3,1,3,1,1
"228",2,1,0,0,0,0,0,2,0,3,1,2,0,1,1
"229",2,1,3,3,2,1,2,0,0,3,3,1,1,1,2
"230",3,1,2,1,1,2,1,3,0,3,0,2,0,0,2
"231",3,1,1,1,2,1,2,3,0,0,3,0,2,0,1
"232",0,1,0,0,0,0,2,0,0,0,2,1,3,0,0
"233",2,1,1,1,2,0,2,0,2,1,1,0,2,1,1
"234",3,2,1,1,2,1,2,0,2,3,2,2,3,1,1
"235",0,1,2,1,3,2,2,2,0,1,3,3,3,1,0
"236",3,0,1,3,2,2,2,0,3,1,2,2,2,1,2
"237",2,1,3,1,2,2,3,3,0,2,3,2,0,1,2
"238",3,1,1,0,2,1,1,0,0,1,2,2,0,1,0
"239",2,2,3,1,2,2,2,0,0,3,1,2,3,1,2
"240",0,1,2,2,2,1,1,1,3,0,3,2,3,1,3
"241",3,2,3,3,2,2,2,3,3,3,1,1,0,1,0
"242",3,2,1,2,2,1,2,3,3,3,3,2,2,1,2
"243",0,2,2,1,2,1,2,3,0,3,3,2,3,1,1
"244",0,1,1,1,2,1,2,3,3,3,1,2,3,1,0
"245",3,2,1,2,2,3,2,3,2,3,3,2,3,1,2
"246",3,0,0,0,2,0,1,0,0,0,3,2,2,0,0
"247",3,1,0,2,2,1,2,2,3,1,1,2,3,1,1
"248",2,1,2,0,2,0,2,3,0,3,3,1,2,1,0
"249",0,1,1,2,2,1,2,2,3,3,3,2,3,1,1
"250",0,2,2,1,2,3,2,3,3,3,3,2,0,1,1
"251",3,0,2,0,2,2,2,0,3,3,0,2,1,1,2
"252",2,1,3,2,2,3,2,3,0,0,3,2,1,0,2
"253",0,1,2,2,2,2,2,0,0,0,1,2,0,1,2
"254",3,1,0,1,2,0,2,0,2,3,3,2,2,0,0
"255",3,2,3,1,2,2,2,3,3,0,2,3,3,1,2
"256",0,1,3,3,1,3,2,3,0,3,3,2,3,1,1
"257",0,0,1,2,0,0,0,0,0,0,0,0,0,0,0
"258",3,2,3,1,2,3,2,3,0,0,3,2,3,1,2
"259",3,1,0,2,2,1,2,2,3,3,0,2,0,1,2
"260",2,1,3,0,2,0,2,1,0,0,3,1,2,1,0
"261",2,2,3,1,2,2,2,3,3,3,3,2,2,1,1
"262",3,2,2,0,2,0,2,2,0,3,3,3,0,1,0
"263",0,2,2,1,2,1,2,2,0,2,1,2,3,1,1
"264",3,2,2,1,2,2,2,3,3,1,3,2,2,1,2
"265",3,2,3,0,2,2,2,2,3,3,3,2,3,1,2
"266",3,1,3,2,2,1,2,0,3,3,3,2,0,1,2
"267",3,1,3,1,2,0,2,0,3,1,3,2,0,0,1
"268",3,0,1,2,0,2,2,0,0,3,3,2,2,0,1
"269",3,2,2,0,2,0,2,0,0,3,1,0,3,1,2
"270",2,1,1,1,2,1,2,3,0,3,3,2,0,1,0
"271",3,1,3,0,2,0,2,0,0,1,3,2,1,1,0
"272",1,2,1,1,2,2,2,0,0,3,2,2,3,1,0
"273",3,1,2,0,2,0,2,0,2,3,2,2,3,1,0
"274",3,3,3,3,2,3,2,3,3,1,3,1,3,2,2
"275",0,1,2,2,2,2,2,3,3,3,3,2,0,1,2
"276",1,2,2,2,2,3,3,3,3,1,3,2,0,1,0
"277",3,0,0,0,0,0,0,1,0,0,0,2,1,1,0
"278",0,2,2,3,2,1,2,3,3,1,3,2,3,1,2
"279",2,2,0,0,2,0,0,1,3,3,1,2,0,0,0
"280",3,1,3,1,2,3,2,2,3,3,1,2,0,0,1
"281",3,1,3,2,2,2,2,1,0,3,3,2,2,1,1
"282",1,1,1,1,2,1,2,2,0,0,3,2,3,1,0
"283",3,2,3,3,2,2,2,3,3,3,3,0,0,1,2
"284",2,1,2,0,1,2,0,3,0,3,3,2,0,0,1
"285",3,1,2,1,2,0,1,2,3,0,1,2,0,0,2
"286",1,1,1,2,2,0,2,3,3,0,3,2,0,0,1
"287",2,1,1,1,2,1,1,0,0,0,3,0,3,0,1
"288",3,2,3,0,2,1,2,3,2,3,3,2,0,0,0
"289",0,1,1,1,2,2,2,3,2,3,3,2,0,1,2
"290",2,2,2,2,2,3,2,2,2,0,3,2,0,1,2
"291",2,1,1,2,2,0,0,0,0,0,0,0,3,0,2
"292",1,1,2,0,2,1,2,3,3,1,3,2,2,1,2
"293",0,1,3,3,2,0,2,0,0,3,3,2,0,1,0
"294",1,0,0,0,1,1,2,1,3,3,2,2,0,0,0
"295",3,2,3,2,2,3,2,1,2,0,3,3,1,0,1
"296",3,1,3,1,2,1,2,0,2,1,3,2,0,1,1
"297",2,2,3,1,2,3,2,2,3,3,3,2,0,1,2
"298",3,2,1,3,2,3,2,3,3,3,3,2,1,1,0
"299",0,1,2,3,2,2,0,0,2,2,3,2,0,1,0
"300",3,1,2,1,1,2,1,0,3,3,3,2,0,1,2
"301",3,2,2,3,2,3,2,2,3,3,3,1,1,1,2
"302",0,1,0,1,2,1,0,2,3,3,3,2,0,0,1
"303",3,2,3,2,2,2,2,2,3,3,3,2,3,1,2
"304",0,2,2,1,2,1,2,3,3,3,1,2,0,1,0
"305",2,2,3,2,2,3,2,3,3,3,1,2,1,1,2
"306",0,2,2,2,2,2,2,3,3,2,3,2,0,1,2
"307",3,2,3,1,2,1,2,0,2,3,2,2,3,1,1
"308",3,2,3,0,2,3,1,2,0,3,3,2,0,1,3
"309",0,2,2,0,2,1,1,0,0,3,3,0,1,0,0
"310",2,1,1,1,2,1,2,2,3,3,3,2,2,1,2
"311",3,2,3,1,2,2,2,1,2,0,3,2,2,1,2
"312",3,2,2,0,2,1,2,3,0,3,3,2,0,0,1
"313",0,1,1,3,2,0,2,2,3,1,1,2,3,1,0
"314",3,1,1,1,2,1,2,1,0,3,0,2,0,0,0
"315",2,1,2,0,2,0,1,0,3,3,3,2,0,1,1
"316",3,2,2,3,2,2,2,2,0,0,2,2,3,3,1
"317",3,1,1,0,2,0,0,0,3,0,1,2,2,1,0
"318",3,1,2,0,2,1,2,0,0,3,3,0,0,1,1
"319",0,0,1,1,2,0,2,0,3,0,1,2,3,0,0
"320",0,2,3,2,2,1,2,2,3,1,3,2,3,1,0
"321",0,2,3,1,2,2,2,3,0,3,3,2,3,1,2
"322",3,2,3,2,2,3,2,0,3,3,3,2,3,1,2
"323",3,2,2,2,2,1,2,3,0,2,3,2,0,1,0
"324",1,1,1,0,2,1,0,2,0,0,2,2,3,0,2
"325",0,2,3,2,2,2,2,1,3,1,3,2,2,1,2
"326",3,1,3,0,2,1,2,1,3,1,0,2,3,1,2
"327",3,1,0,2,2,1,2,0,3,1,0,2,1,0,2
"328",3,2,3,1,2,0,0,3,3,3,0,2,2,1,1
"329",0,1,1,1,2,0,2,0,0,0,1,2,0,1,0
"330",1,1,1,0,2,2,1,3,0,3,1,3,2,0,2
"331",3,3,1,2,0,3,1,0,3,1,3,2,0,0,1
"332",3,0,0,3,1,1,2,0,3,0,1,2,0,0,0
"333",2,1,1,2,2,2,1,3,0,1,2,0,0,0,2
"334",3,2,3,0,3,3,2,3,0,3,1,2,0,1,0
"335",3,2,1,0,2,1,2,3,0,1,0,2,2,1,1
"336",0,1,2,1,2,1,2,0,3,1,3,2,0,1,2
"337",0,2,1,3,2,2,2,3,0,3,3,2,3,3,1
"338",0,1,1,1,2,1,0,3,3,0,2,3,0,1,2
"339",3,1,2,1,2,2,2,1,3,3,0,2,3,1,2
"340",2,0,2,3,2,0,2,3,3,3,1,2,2,1,3
"341",3,1,3,3,2,0,2,0,3,3,3,3,3,1,0
"342",3,1,0,1,2,0,1,0,2,0,1,1,0,0,1
"343",3,1,2,2,2,2,2,3,3,3,2,2,2,1,1
"344",3,1,2,0,2,1,1,1,3,1,3,2,0,1,0
"345",0,0,0,2,0,1,1,0,3,0,0,1,0,0,0
"346",0,1,1,0,2,3,2,3,0,0,1,2,0,1,1
"347",2,1,2,1,2,1,2,3,3,3,2,2,0,1,2
"348",2,1,3,0,2,0,2,2,3,1,2,2,0,1,2
"349",3,2,1,1,2,1,2,0,3,3,3,2,0,1,2
"350",0,1,2,2,2,2,2,2,3,3,3,2,3,1,2
"351",2,2,3,3,2,2,2,2,3,0,3,3,3,1,3
"352",1,2,2,2,2,1,2,0,3,0,3,2,3,1,2
"353",0,1,2,1,2,2,2,2,0,3,1,1,2,1,0
"354",0,1,2,2,2,0,2,1,3,3,1,0,3,1,2
"355",3,1,3,0,2,2,2,3,3,3,3,3,3,1,2
"356",3,2,3,2,2,2,2,3,0,3,1,2,0,1,2
"357",2,1,2,1,2,0,0,0,0,0,3,2,0,1,0
"358",2,1,2,2,2,2,1,1,0,0,1,2,2,1,2
"359",3,1,1,1,2,1,0,0,3,1,0,1,0,0,0
"360",0,2,2,1,2,2,1,2,3,3,3,2,0,2,1
"361",3,0,0,0,1,0,1,2,0,0,0,2,0,0,0
"362",3,2,3,1,2,2,2,3,3,0,3,2,0,1,2
"363",0,1,2,2,2,0,2,0,3,3,3,2,3,0,1
"364",3,1,2,1,1,1,2,2,3,3,0,0,3,1,1
"365",3,2,2,1,2,1,2,3,0,1,3,0,1,1,0
"366",0,1,3,1,2,3,2,0,3,2,3,2,3,1,0
"367",3,1,2,0,2,1,2,2,0,3,1,2,3,0,2
"368",3,1,3,3,2,1,2,0,3,3,2,2,0,1,1
"369",0,1,1,2,2,1,2,0,3,3,2,2,3,1,1
"370",1,1,2,1,2,1,0,3,3,3,3,2,3,1,1
"371",1,1,1,2,2,2,0,2,0,0,3,2,0,1,1
"372",3,2,1,2,2,1,2,1,0,3,1,2,0,1,0
"373",0,1,2,0,2,0,0,2,0,3,3,2,0,0,1
"374",3,1,2,1,2,1,2,0,0,0,2,3,0,1,1
"375",3,1,2,2,2,1,2,0,3,3,3,1,2,1,0
"376",0,1,2,3,2,2,2,2,3,0,3,2,1,1,2
"377",0,2,2,0,2,1,2,0,3,3,3,2,1,1,0
"378",3,2,2,1,2,1,1,0,3,0,1,2,0,1,2
"379",0,1,2,1,2,3,2,0,0,3,3,2,3,1,0
"380",3,2,3,3,3,3,2,2,3,3,3,2,3,1,2
"381",0,2,3,2,2,3,1,2,3,3,3,2,0,0,1
"382",3,2,3,1,2,2,2,2,3,3,2,0,0,1,2
"383",2,1,2,0,2,0,2,3,3,3,1,2,1,0,2
"384",2,1,3,2,2,1,2,2,3,0,3,2,1,1,2
"385",3,2,3,3,2,3,1,2,2,2,2,2,3,1,2
"386",3,1,2,3,2,0,1,1,3,0,1,2,3,1,0
"387",0,0,0,3,0,1,0,3,3,3,3,2,0,0,0
"388",0,2,2,1,2,0,2,3,0,3,2,2,2,1,2
"389",0,1,1,1,1,0,0,0,2,1,2,2,0,1,0
"390",0,1,1,1,1,0,2,3,2,3,1,2,1,1,0
"391",3,2,3,2,2,1,2,3,3,3,3,2,3,1,2
"392",0,2,3,0,2,1,0,3,0,3,3,3,3,1,2
"393",3,2,3,3,2,3,2,2,3,3,2,2,0,1,2
"394",0,2,2,1,2,2,2,0,0,3,3,2,3,1,1
"395",3,2,1,2,2,2,2,0,0,0,0,2,3,1,2
"396",3,2,2,2,2,0,2,1,0,3,1,2,0,1,0
"397",3,2,3,3,3,3,2,3,3,3,3,2,3,1,2
"398",0,1,3,1,2,0,2,1,3,3,1,2,1,1,3
"399",0,0,2,0,2,0,2,0,3,3,2,2,0,1,0
"400",2,2,3,2,2,2,2,0,3,0,3,2,3,1,2
"401",2,2,2,3,2,3,2,3,0,1,0,2,3,1,2
"402",0,2,3,3,3,2,2,2,0,3,3,3,0,1,2
"403",0,1,1,0,2,0,2,0,3,3,3,2,3,1,0
"404",0,1,2,0,2,1,2,0,0,1,2,0,0,1,1
"405",2,1,1,2,2,1,2,0,0,3,3,2,2,1,0
"406",3,1,1,0,0,2,2,3,0,0,3,2,0,1,0
"407",2,2,1,0,2,1,2,0,0,0,3,2,0,1,2
"408",3,1,1,1,2,1,2,0,3,2,2,2,3,1,0
"409",3,2,3,3,2,2,2,3,2,3,1,3,1,1,2
"410",0,1,2,1,2,0,1,2,0,1,1,0,1,1,1
"411",0,1,2,1,2,3,2,0,0,0,1,0,0,0,1
"412",0,1,2,1,2,2,2,0,2,1,3,2,0,1,2
"413",2,2,3,1,2,3,2,3,3,3,3,2,3,1,1
"414",3,1,1,1,2,1,0,0,0,1,3,0,0,1,1
"415",3,1,0,1,2,1,2,2,3,0,3,0,1,1,0
"416",3,1,2,2,2,2,3,0,3,3,3,2,1,1,0
"417",3,2,3,1,2,2,2,3,0,3,3,2,2,1,2
"418",3,1,3,1,2,1,2,1,2,0,2,2,2,1,1
"419",0,1,0,0,2,1,2,0,3,1,1,0,1,1,0
"420",3,2,3,1,2,2,2,3,3,3,3,2,0,1,2
"421",3,2,3,2,2,2,2,1,3,3,3,2,2,1,2
"422",3,1,3,2,2,1,2,0,0,0,3,2,0,1,0
"423",2,2,3,1,2,0,2,2,3,0,0,2,0,1,0
"424",2,0,0,2,2,0,1,3,3,3,3,2,0,1,0
"425",3,1,1,3,2,1,2,0,0,0,3,2,0,1,1
"426",2,2,3,1,2,1,2,3,0,0,0,2,2,1,2
"427",0,1,0,0,1,1,2,0,0,1,0,2,0,1,2
"428",1,1,1,0,2,0,2,0,3,3,0,2,3,0,1
"429",0,2,0,3,2,1,2,0,3,3,0,2,3,1,2
"430",3,0,2,0,2,2,0,0,3,0,1,2,0,0,1
"431",0,0,1,1,1,0,2,2,0,0,0,2,0,0,1
"432",3,2,2,2,2,2,2,2,3,1,1,2,0,1,0
"433",3,1,1,0,1,0,2,0,3,3,0,2,3,0,0
"434",3,1,1,1,2,1,2,1,0,3,0,2,0,1,0
"435",3,2,2,1,2,3,2,1,3,3,1,2,0,0,1
"436",3,2,2,0,2,1,2,3,3,3,0,1,3,1,0
"437",3,1,3,2,2,2,2,2,3,1,1,2,3,1,2
"438",3,2,2,1,2,1,2,0,3,0,1,2,0,1,2
"439",3,2,3,0,2,3,1,0,3,3,1,2,3,1,1
"440",2,1,3,3,2,1,2,0,0,3,1,2,0,2,2
"441",3,1,2,2,2,1,2,2,0,3,1,2,0,1,0
"442",1,2,3,0,2,3,2,2,3,1,3,3,1,1,2
"443",3,1,2,3,2,2,2,2,3,1,3,2,3,1,2
"444",3,2,3,0,2,1,2,2,2,3,3,2,0,1,2
"445",0,1,3,1,2,1,2,1,2,0,1,2,3,1,2
"446",0,0,0,2,0,0,0,0,2,2,0,0,0,1,1
"447",0,1,0,1,2,0,0,1,3,1,3,2,0,0,0
"448",2,1,1,0,2,1,2,0,2,3,3,2,0,0,2
"449",3,1,2,0,2,1,2,2,3,3,0,1,0,1,0
"450",0,0,1,0,0,0,1,0,0,0,0,0,0,0,0
"451",0,2,2,3,2,1,2,2,3,3,1,3,3,1,2
"452",2,2,3,0,2,1,1,0,0,0,0,1,0,1,2
"453",3,1,1,0,2,1,1,2,3,0,1,3,0,1,0
"454",0,1,0,1,1,1,2,0,3,1,3,2,0,0,0
"455",2,1,1,1,1,1,0,3,0,1,0,0,2,0,0
"456",3,1,2,2,2,2,2,0,0,1,3,2,1,1,0
"457",0,2,1,3,2,0,2,0,3,3,3,2,0,1,1
"458",0,1,2,0,0,0,2,2,3,3,0,0,3,0,0
"459",2,1,0,1,1,1,2,0,0,0,3,2,0,0,0
"460",3,2,1,1,2,1,2,0,3,3,2,2,2,1,3
"461",3,1,2,1,2,0,2,0,0,0,1,2,0,1,0
"462",3,2,3,0,2,1,2,1,0,3,3,2,2,3,2
"463",3,2,3,2,2,1,2,2,1,1,2,2,3,1,0
"464",3,2,2,3,2,3,3,0,0,0,2,2,0,1,2
"465",3,1,2,1,2,1,2,0,0,3,0,2,0,1,2
"466",3,2,1,2,2,3,2,2,0,3,3,2,0,1,2
"467",3,1,3,0,2,0,2,3,0,0,0,2,1,1,0
"468",1,2,3,3,2,3,2,3,0,1,3,3,3,1,0
"469",0,2,3,1,2,3,1,3,3,3,3,2,0,1,1
"470",0,2,3,1,2,1,2,1,0,0,1,3,2,0,2
"471",3,1,0,0,1,1,0,0,3,1,0,2,0,1,0
"472",2,1,1,0,1,0,2,3,0,3,0,2,2,0,0
"473",3,1,2,0,2,1,1,3,0,3,3,2,0,1,0
"474",3,1,1,1,2,2,3,2,3,1,1,2,0,0,2
"475",3,2,3,3,3,0,2,0,3,3,3,3,3,1,2
"476",3,1,2,0,2,0,2,1,0,0,3,2,0,1,0
"477",3,1,2,1,2,3,2,1,3,3,3,2,3,1,2
"478",3,2,1,1,2,1,1,3,3,0,3,2,2,1,2
"479",3,2,3,2,2,3,2,3,3,3,3,1,0,1,2
"480",3,1,1,2,2,2,2,1,3,3,3,1,3,1,1
"481",2,1,3,1,2,1,2,2,0,3,3,2,0,1,0
"482",0,1,0,1,2,0,2,3,0,3,0,2,0,1,2
"483",0,1,1,1,2,1,0,1,3,3,3,2,1,0,1
"484",3,1,1,0,2,1,2,2,0,3,0,2,2,1,0
"485",0,2,3,3,2,2,2,3,0,3,3,2,3,1,2
"486",2,2,3,3,2,3,2,2,3,3,2,2,3,1,2
"487",0,2,3,0,2,1,2,0,3,3,3,1,3,1,1
"488",3,1,1,3,2,0,2,0,0,0,1,2,1,1,0
"489",3,1,2,0,1,1,1,0,0,3,3,0,0,0,1
"490",3,1,1,2,2,1,2,3,3,3,3,2,3,1,2
"491",3,0,1,0,2,0,0,0,0,1,3,2,0,0,0
"492",3,2,3,3,3,1,2,3,3,3,3,3,2,1,2
"493",3,0,1,0,2,3,1,1,3,3,2,1,3,1,0
"494",3,2,2,1,2,1,1,1,3,3,3,0,0,1,1
"495",3,2,3,3,3,3,2,3,3,3,3,3,3,3,3
"496",3,1,0,2,0,2,0,2,0,3,3,1,0,1,2
"497",3,2,3,2,2,0,2,0,0,0,3,3,3,1,1
"498",0,1,0,0,2,0,2,0,3,3,1,0,0,1,0
"499",2,2,3,2,2,2,2,0,3,1,3,1,3,1,2
"500",0,2,1,1,2,2,2,0,3,1,2,2,1,0,0
"501",2,1,2,1,2,2,0,1,0,0,0,2,0,1,2
"502",1,2,3,2,2,1,2,0,3,3,3,2,1,1,0
"503",2,1,2,0,1,1,0,1,0,1,3,1,2,0,0
"504",3,1,3,3,2,2,2,1,3,3,1,2,0,1,2
"505",3,1,3,3,2,1,2,2,3,2,3,1,2,1,2
"506",3,2,3,3,2,2,2,3,2,3,3,2,2,1,2
"507",0,1,0,0,0,0,1,0,0,3,2,0,0,1,0
"508",3,2,1,0,2,1,2,0,3,1,3,2,0,1,1
"509",3,2,3,2,2,1,2,3,0,0,3,2,1,0,2
"510",2,1,1,2,2,1,2,0,0,3,1,3,3,1,0
"511",2,0,1,0,0,0,1,3,0,3,0,2,2,0,0
"512",3,1,1,1,2,1,1,0,0,1,3,2,0,0,0
"513",0,1,2,0,2,2,2,0,3,0,0,2,3,0,0
"514",3,2,0,2,2,2,1,2,3,3,0,2,0,1,1
"515",3,2,1,0,2,1,2,0,0,1,2,2,3,1,0
"516",2,1,2,1,2,1,0,3,0,3,0,1,0,1,2
"517",3,1,2,0,2,1,1,3,0,2,3,2,0,0,2
"518",0,0,2,1,2,2,2,3,3,1,3,2,1,1,0
"519",3,0,2,2,2,0,2,0,0,3,0,2,0,1,2
"520",0,2,3,2,2,3,1,2,3,3,3,2,0,1,2
"521",3,0,1,2,2,0,0,3,0,2,1,1,2,0,2
"522",1,2,1,2,2,3,2,0,3,1,3,2,0,1,1
"523",3,1,2,0,2,1,2,3,2,0,1,0,0,0,2
"524",1,1,2,0,2,2,2,1,3,0,1,2,1,1,1
"525",3,2,2,2,2,2,2,2,0,3,1,2,3,0,2
"526",3,1,0,0,2,1,1,0,0,3,3,2,0,1,0
"527",0,1,2,0,2,0,2,1,2,3,0,2,3,0,2
"528",0,2,3,1,2,1,2,3,3,3,3,2,0,1,2
"529",2,1,2,2,2,2,2,2,0,3,1,0,3,1,1
"530",1,1,3,0,2,2,2,0,0,3,3,1,0,1,2
"531",3,1,0,0,2,3,2,0,3,1,2,1,3,1,0
"532",2,2,2,2,2,1,2,0,2,3,3,2,1,1,2
"533",0,1,2,0,2,1,2,3,3,3,3,2,2,0,2
"534",0,1,2,0,2,1,1,3,3,1,3,0,0,1,1
"535",3,2,3,3,2,1,2,2,3,3,2,3,3,1,2
"536",3,1,1,1,2,1,2,0,3,1,2,2,2,1,0
"537",0,2,1,2,2,2,2,0,3,1,3,1,3,1,2
"538",3,2,3,3,2,1,2,3,3,0,3,2,0,0,2
"539",3,2,2,1,2,2,2,3,0,3,3,2,2,1,2
"540",1,1,1,0,2,0,2,2,3,0,3,2,0,1,0
"541",3,2,3,2,2,1,1,2,3,1,3,2,0,1,1
"542",3,1,2,2,2,2,2,3,3,3,2,0,3,1,2
"543",3,2,3,1,2,2,2,3,0,3,0,2,0,0,0
"544",3,2,3,3,0,1,2,0,3,3,0,2,3,1,1
"545",3,2,3,1,2,1,2,0,3,3,2,3,0,1,2
"546",3,1,2,1,2,1,2,3,0,2,1,0,0,1,2
"547",3,1,1,1,1,0,2,2,3,0,2,2,3,1,1
"548",0,2,2,0,2,1,2,0,3,3,0,2,3,1,1
"549",1,0,0,0,0,0,2,1,0,1,1,2,0,0,0
"550",3,1,2,3,2,1,1,2,3,1,2,3,1,1,2
"551",2,2,2,0,2,3,2,1,3,3,3,3,0,1,2
"552",0,1,2,2,2,2,2,0,0,3,0,2,2,0,0
"553",0,0,2,0,2,0,1,1,0,1,2,2,0,1,0
"554",3,1,1,0,2,3,0,0,0,3,3,1,0,1,1
"555",3,1,2,1,2,1,2,2,3,3,1,2,2,1,2
"556",0,1,0,1,2,1,0,3,0,1,3,2,1,1,0
"557",3,0,2,0,0,0,1,0,0,0,2,0,3,0,0
"558",0,2,3,2,2,2,2,2,0,3,1,2,2,3,3
"559",1,2,1,3,2,1,0,2,0,1,3,2,0,0,2
"560",0,0,1,1,2,2,2,0,0,1,1,2,2,1,1
"561",3,1,2,0,2,0,2,3,0,3,3,1,1,1,2
"562",3,2,3,0,2,1,2,1,3,3,3,3,1,1,0
"563",3,2,1,3,2,2,0,2,3,3,3,2,3,1,2
"564",3,1,1,2,2,1,2,2,0,3,0,2,0,1,0
"565",3,1,1,1,2,1,2,0,3,1,0,2,0,1,1
"566",3,2,3,2,2,3,2,3,3,0,3,2,0,1,2
"567",2,1,1,0,2,2,2,2,0,3,1,2,1,1,0
"568",3,2,0,2,2,1,2,1,0,1,3,2,0,1,1
"569",0,1,2,1,1,0,0,3,3,3,3,0,1,0,0
"570",0,2,3,3,2,2,2,0,3,3,3,1,3,0,2
"571",0,0,2,0,2,1,2,0,3,3,2,0,0,1,2
"572",0,2,1,1,2,1,2,3,0,3,3,0,3,1,1
"573",3,2,3,2,2,1,2,3,0,1,3,2,0,1,1
"574",3,1,2,0,2,2,2,2,0,0,3,1,0,1,0
"575",3,2,3,3,2,2,2,0,2,3,2,2,0,0,1
"576",0,2,3,0,2,3,2,2,3,3,3,2,1,1,2
"577",0,1,2,3,2,2,2,1,3,0,1,3,3,1,0
"578",3,2,3,1,2,3,2,3,3,3,3,2,3,1,2
"579",2,0,1,0,0,0,1,2,0,3,0,2,3,1,0
"580",1,1,1,0,2,1,0,0,0,1,2,2,0,0,0
"581",3,0,0,0,0,1,1,0,0,3,0,0,2,1,1
"582",3,1,2,3,2,1,1,3,3,3,0,2,3,0,1
"583",0,2,3,2,2,3,2,1,0,1,2,3,3,1,1
"584",3,2,3,2,2,1,2,3,3,0,3,3,3,1,2
"585",3,1,3,2,2,2,2,3,3,3,0,2,3,1,0
"586",3,2,3,2,2,1,2,3,0,1,3,2,0,1,2
"587",0,1,2,0,2,1,2,3,3,3,0,2,0,1,1
"588",2,1,1,2,2,2,2,0,3,1,0,2,3,1,1
"589",0,2,3,0,2,1,2,0,3,3,3,2,0,1,2
"590",2,0,2,1,2,2,1,3,3,1,3,2,0,0,1
"591",2,1,3,1,2,1,2,2,3,3,2,2,3,1,3
"592",2,1,1,0,2,3,2,0,3,0,3,2,0,1,0
"593",2,1,3,1,2,2,2,3,3,1,3,2,2,1,0
"594",0,1,3,0,2,1,0,2,3,1,3,2,3,0,1
"595",0,0,0,1,2,0,0,1,3,0,3,0,0,0,1
"596",2,2,2,3,2,3,1,3,3,1,1,2,0,2,2
"597",0,1,0,1,2,2,2,3,2,1,0,2,0,1,1
"598",3,1,1,2,1,1,2,0,3,3,3,2,2,1,2
"599",2,1,2,2,2,2,2,1,2,1,1,2,0,1,1
"600",3,1,0,2,2,0,1,3,3,0,1,2,2,0,2
"601",2,1,2,0,2,2,2,2,3,1,1,2,2,1,1
"602",0,2,3,3,2,1,2,0,0,0,3,2,3,1,2
"603",0,1,2,3,2,2,2,3,0,0,3,2,0,1,2
"604",0,2,3,2,2,2,2,2,0,0,3,3,3,1,0
"605",3,1,2,2,2,1,1,0,0,3,1,2,3,1,2
"606",0,1,1,1,2,1,1,0,0,0,0,0,1,1,0
"607",3,1,1,1,0,0,1,3,0,3,2,2,0,1,0
"608",3,1,1,0,2,2,1,1,0,3,1,2,0,1,1
"609",3,2,3,2,2,1,2,2,3,3,3,1,0,1,2
"610",0,1,1,2,2,1,2,0,3,3,3,2,0,1,2
"611",0,1,1,1,2,3,2,1,0,0,0,2,0,1,1
"612",2,1,1,1,2,1,2,3,2,3,3,1,0,1,1
"613",3,1,2,2,2,1,2,0,0,1,1,0,3,0,0
"614",3,1,1,0,1,3,1,2,0,0,1,1,0,1,2
"615",0,2,3,1,2,3,2,3,0,3,3,2,3,1,2
"616",0,1,1,1,2,1,2,0,0,1,3,2,0,1,2
"617",3,2,1,3,2,1,2,0,3,3,1,2,0,1,1
"618",3,1,1,1,2,1,0,0,3,3,2,2,0,0,0
"619",3,2,1,1,2,1,2,3,3,0,3,2,0,0,0
"620",0,2,2,1,2,0,2,2,0,0,2,2,2,1,0
"621",0,1,1,0,2,1,2,2,0,1,2,2,0,2,2
"622",0,1,1,2,2,0,0,0,2,0,2,2,0,0,0
"623",2,2,3,2,2,2,2,3,3,3,3,2,3,1,0
"624",3,1,3,1,2,3,2,3,3,3,3,2,0,1,0
"625",1,1,2,1,2,1,2,0,2,3,2,2,0,1,2
"626",3,1,0,0,1,0,2,0,3,3,0,0,0,1,1
"627",3,1,3,3,2,2,2,3,3,0,3,2,1,3,2
"628",3,1,2,1,2,1,2,1,3,3,3,2,0,0,0
"629",3,1,3,2,2,1,2,0,0,3,1,2,0,1,1
"630",2,2,2,1,2,2,2,3,3,0,2,2,3,1,2
"631",1,0,0,2,2,0,2,3,3,1,3,2,0,0,0
"632",0,1,1,0,2,2,0,0,3,3,2,2,2,1,0
"633",2,0,2,1,2,1,1,0,0,3,3,3,1,0,2
"634",2,1,2,0,2,1,1,0,0,0,3,2,3,1,0
"635",0,1,0,0,1,0,2,0,0,1,0,1,0,1,1
"636",1,1,0,1,2,0,2,3,2,2,2,2,0,0,3
"637",1,2,3,1,2,1,2,2,0,3,2,3,3,1,2
"638",3,2,3,0,2,3,2,3,0,3,1,2,0,1,1
"639",3,1,0,1,2,1,2,2,3,1,2,0,0,0,2
"640",1,1,3,1,2,2,2,3,3,1,0,2,3,1,2
"641",2,1,0,0,0,1,0,0,0,3,1,2,0,0,0
"642",3,1,3,1,2,0,1,3,0,1,0,2,0,0,0
"643",2,1,3,2,2,1,2,3,3,3,3,2,0,1,1
"644",3,1,1,1,2,0,2,2,0,0,2,1,3,1,1
"645",2,1,1,0,2,1,1,2,2,0,3,2,3,0,0
"646",3,1,0,0,1,2,0,3,2,3,0,2,0,0,0
"647",3,2,2,1,2,3,2,2,3,3,3,3,3,1,1
"648",0,0,0,0,2,0,0,0,2,0,3,2,0,1,0
"649",3,1,1,3,2,2,2,0,2,1,1,2,0,0,1
"650",3,1,2,2,2,2,2,2,0,3,0,0,0,1,1
"651",0,1,2,1,2,2,2,0,2,1,1,3,2,1,1
"652",0,1,2,2,2,1,2,2,0,1,2,2,2,0,1
"653",3,2,3,3,2,2,2,2,3,3,3,2,3,1,2
"654",3,1,1,1,2,1,2,2,0,3,2,1,2,0,0
"655",3,1,2,3,2,3,2,2,3,1,2,2,0,1,2
"656",0,0,0,0,0,0,0,2,3,1,1,1,0,0,0
"657",0,1,3,3,2,1,0,3,3,1,1,2,3,1,2
"658",3,1,1,2,2,1,2,3,3,0,3,2,0,0,1
"659",3,1,0,0,2,1,1,0,3,1,2,2,1,1,0
"660",0,2,3,1,2,2,2,0,2,3,2,2,3,1,2
"661",0,1,2,1,2,3,2,3,3,3,3,0,0,1,2
"662",2,1,3,1,2,2,2,2,3,3,3,3,3,1,1
"663",3,1,1,0,2,0,0,0,0,1,1,1,0,0,0
"664",3,1,0,1,2,2,2,2,2,1,3,3,0,1,2
"665",0,1,2,0,2,0,1,2,3,0,2,1,0,0,1
"666",3,1,2,0,2,1,2,3,3,1,2,1,3,0,0
"667",0,1,1,2,2,2,2,0,3,1,2,2,1,0,0
"668",0,1,3,2,2,3,2,0,0,3,0,1,3,1,0
"669",3,0,3,1,2,2,2,2,0,3,2,3,0,1,0
"670",0,2,3,3,2,3,2,0,2,3,3,2,0,1,2
"671",0,1,1,1,2,0,2,3,0,2,1,2,0,0,0
"672",3,2,3,1,2,3,2,0,3,3,1,2,3,1,2
"673",0,2,1,0,2,1,2,0,2,3,3,1,0,1,0
"674",0,2,1,0,1,0,0,0,0,3,3,2,3,0,0
"675",0,2,1,1,2,1,2,2,3,3,3,3,1,1,2
"676",0,1,0,2,1,1,0,0,2,2,0,2,2,1,0
"677",3,1,1,3,2,1,2,2,3,1,0,2,2,0,1
"678",0,1,2,0,2,1,2,0,0,3,0,1,0,1,1
"679",0,2,3,0,2,2,2,0,3,3,0,3,3,1,2
"680",3,0,3,3,2,0,2,0,0,0,1,2,2,1,2
"681",2,2,3,3,2,0,2,3,3,3,3,3,3,1,1
"682",0,0,1,0,2,0,2,3,3,0,3,2,1,0,0
"683",0,2,2,0,2,1,2,1,0,1,1,2,0,1,2
"684",3,2,2,0,2,3,1,0,0,3,0,3,3,1,2
"685",0,1,1,3,2,1,1,0,0,1,2,1,0,1,0
"686",3,1,2,1,2,1,0,2,3,2,0,1,0,1,0
"687",3,1,1,0,2,3,2,0,2,1,3,0,3,1,0
"688",3,2,3,0,2,1,2,0,3,3,3,2,3,1,0
"689",3,2,3,1,2,1,2,0,2,3,2,2,3,1,2
"690",2,0,0,2,1,0,2,2,0,0,3,2,3,1,0
"691",2,1,3,1,2,1,2,3,2,3,2,3,2,1,2
"692",0,1,3,2,2,1,2,3,3,3,1,2,0,1,1
"693",0,0,1,0,0,1,0,3,1,0,3,1,2,0,0
"694",2,1,2,0,2,3,2,0,3,3,1,2,2,1,1
"695",0,1,2,2,2,2,2,2,3,0,0,0,0,1,0
"696",0,2,2,1,1,1,2,2,3,0,2,2,2,1,1
"697",1,0,1,0,1,0,0,0,0,0,1,2,2,1,0
"698",3,1,2,0,2,1,3,2,0,0,3,3,1,1,1
"699",3,1,2,1,2,3,2,2,3,3,3,2,3,1,1
"700",0,1,3,1,0,0,0,3,2,3,2,2,3,1,2
"701",0,1,1,0,2,1,2,2,0,3,0,2,0,0,0
"702",3,2,3,3,2,3,2,3,3,3,3,2,0,1,2
"703",2,1,2,1,2,2,2,1,3,0,0,2,2,1,1
"704",3,1,2,0,2,1,2,0,0,3,0,1,2,1,1
"705",0,0,2,0,1,1,0,3,2,3,0,1,0,0,1
"706",0,1,0,0,2,2,0,0,0,3,3,2,1,1,0
"707",2,1,0,0,2,0,1,2,3,0,2,2,2,1,0
"708",0,1,1,1,2,1,2,2,0,3,3,1,1,1,1
"709",1,1,3,3,2,3,2,2,0,1,3,2,2,1,2
"710",2,2,2,2,2,1,2,2,3,3,3,3,0,2,1
"711",0,2,2,3,2,3,2,3,3,3,0,2,3,1,0
"712",3,2,3,1,2,3,0,2,0,3,1,2,3,1,2
"713",2,1,2,0,2,1,1,2,2,3,1,2,2,1,2
"714",0,1,1,0,0,1,0,0,0,3,0,1,3,1,1
"715",2,2,3,1,2,2,2,1,0,0,0,1,0,1,0
"716",3,0,0,0,0,1,2,0,3,0,1,1,3,0,0
"717",0,1,1,1,2,1,2,3,2,0,0,2,3,1,2
"718",3,2,3,3,2,3,2,2,2,3,0,2,3,1,3
"719",1,2,1,2,2,1,0,2,3,3,2,2,0,1,2
"720",0,2,2,1,2,2,2,1,3,1,2,2,2,1,2
"721",2,2,2,1,2,1,2,3,3,1,3,2,2,1,2
"722",0,0,1,1,2,1,2,0,2,0,1,2,2,1,1
"723",0,3,2,3,2,3,2,2,3,3,3,2,0,1,2
"724",1,1,3,3,2,1,1,3,3,3,0,2,1,1,1
"725",0,1,1,2,2,1,2,0,3,3,3,1,0,0,0
"726",3,2,2,2,2,1,2,1,0,0,0,2,3,1,1
"727",0,0,0,0,2,0,2,0,3,0,1,0,0,1,0
"728",0,2,3,1,2,1,2,3,3,3,3,3,3,1,1
"729",3,1,2,1,2,2,2,2,0,3,0,1,3,1,2
"730",3,2,1,3,2,1,2,0,3,1,3,0,0,1,0
"731",3,2,2,2,2,1,1,3,0,1,3,2,0,0,1
"732",0,2,3,1,2,3,2,3,3,3,3,2,0,1,1
"733",2,0,0,0,2,2,2,0,0,3,0,2,0,1,0
"734",2,0,2,1,2,1,0,1,1,3,0,0,0,1,0
"735",3,2,2,1,2,2,2,2,0,3,3,2,3,1,2
"736",0,1,1,1,2,0,1,3,3,3,3,0,0,1,0
"737",1,2,3,3,2,3,2,2,0,3,3,2,1,1,2
"738",3,1,3,2,2,0,2,2,3,2,3,2,0,0,1
"739",3,2,3,1,2,2,2,2,3,1,3,2,2,1,2
"740",3,2,2,0,2,2,2,2,3,3,3,2,1,0,1
"741",0,1,0,1,2,0,0,1,2,0,3,2,2,1,2
"742",0,1,1,0,2,0,2,3,3,0,3,2,3,0,0
"743",0,2,2,2,2,1,2,1,0,1,3,2,2,1,2
"744",3,1,3,0,2,3,2,0,3,3,3,3,3,1,2
"745",0,1,1,2,1,0,0,0,3,3,3,2,3,0,0
"746",0,0,1,0,2,1,0,0,0,1,3,2,0,0,1
"747",3,2,3,3,3,3,2,0,3,3,1,2,0,1,2
"748",3,2,0,1,2,0,2,2,0,1,3,0,0,0,0
"749",3,2,3,3,2,3,2,3,3,3,2,2,0,1,2
"750",3,2,3,3,2,1,2,0,3,3,3,2,1,1,2
"751",1,1,1,0,2,2,0,0,3,1,1,2,0,1,0
"752",1,1,0,0,2,1,2,3,3,0,1,2,0,1,3
"753",3,1,1,0,2,0,2,0,0,3,3,2,1,1,0
"754",3,1,3,0,2,1,2,3,2,3,2,2,1,0,1
"755",0,1,1,0,2,2,0,0,0,0,1,2,0,1,0
"756",3,1,1,0,2,0,0,0,2,1,2,1,0,0,0
"757",3,2,3,3,2,3,2,3,3,3,3,3,2,1,2
"758",3,2,2,2,2,2,2,2,3,3,3,2,1,1,1
"759",0,2,2,0,2,1,2,2,3,3,3,2,1,1,1
"760",0,2,2,0,2,1,2,3,3,0,1,2,3,0,0
"761",3,2,0,2,2,2,1,2,3,0,1,2,0,1,1
"762",3,1,3,3,2,2,2,2,3,3,3,2,1,1,1
"763",0,1,1,1,2,1,2,0,0,0,2,3,0,0,0
"764",0,1,2,0,2,1,2,0,0,3,2,2,0,1,2
"765",0,2,3,1,2,1,2,3,3,2,3,0,0,1,2
"766",2,2,3,1,2,1,2,2,3,3,3,2,3,1,2
"767",3,1,3,1,2,1,2,0,0,1,2,3,3,1,0
"768",1,2,3,3,2,2,2,3,2,3,3,2,2,1,1
"769",3,1,2,1,2,1,2,0,3,0,3,2,3,1,0
"770",0,0,1,0,2,1,2,0,0,3,0,2,0,0,0
"771",3,1,1,3,2,2,2,3,3,1,3,1,2,1,2
"772",0,1,0,0,1,1,1,0,0,0,3,0,0,0,0
"773",3,2,3,2,2,2,2,3,3,3,2,2,3,1,0
"774",3,3,3,0,2,2,2,3,3,0,3,2,0,2,3
"775",3,0,3,1,2,1,2,1,3,0,3,0,3,1,1
"776",0,1,1,0,1,1,2,0,3,0,3,2,0,1,0
"777",1,1,3,0,2,1,2,2,3,0,0,2,0,1,3
"778",2,2,3,0,2,0,2,0,2,2,1,2,3,1,1
"779",0,2,2,1,2,0,2,2,3,0,2,2,2,1,1
"780",3,2,2,2,2,2,2,0,3,3,3,2,2,1,2
"781",0,1,0,0,0,1,2,0,3,3,1,2,0,0,0
"782",3,2,2,3,2,2,2,1,0,3,3,2,3,1,2
"783",0,1,1,0,2,0,2,0,0,0,3,2,0,1,0
"784",0,1,1,2,2,3,2,3,3,3,2,2,1,1,2
"785",0,2,2,1,3,1,2,0,3,1,1,2,0,1,2
"786",3,1,1,0,2,0,2,3,0,0,0,2,2,1,0
"787",3,1,1,1,2,2,2,1,0,2,0,2,0,1,2
"788",3,1,1,2,2,0,2,3,3,0,3,2,0,1,1
"789",3,2,2,2,2,2,2,2,3,3,3,2,1,1,2
"790",3,0,3,0,2,1,1,3,0,3,1,0,0,1,0
"791",0,0,1,2,2,1,0,0,0,3,3,2,3,1,1
"792",0,1,3,3,2,3,2,1,3,3,0,0,0,2,1
"793",2,1,2,2,2,2,2,2,3,3,3,2,0,0,1
"794",2,2,2,3,2,1,2,3,0,3,3,2,2,1,2
"795",1,1,3,0,2,1,2,0,0,1,3,2,3,1,0
"796",3,1,2,2,2,2,2,2,0,3,3,2,2,0,0
"797",3,1,1,2,2,1,2,2,3,3,3,1,3,1,2
"798",0,1,1,0,1,1,2,0,3,0,0,2,2,1,1
"799",2,1,0,0,1,0,0,0,0,0,0,2,0,0,0
"800",2,2,3,3,2,0,2,0,3,0,3,2,0,1,2
"801",3,1,2,1,2,1,0,3,0,0,1,0,0,0,1
"802",0,1,2,0,2,0,1,0,0,3,2,1,0,1,0
"803",2,1,3,2,2,2,2,0,0,1,3,2,3,0,2
"804",3,1,3,3,1,1,1,2,3,3,0,3,0,1,2
"805",1,2,0,3,1,1,1,0,3,3,3,1,3,1,0
"806",0,2,2,1,1,0,2,0,0,3,2,2,0,1,0
"807",0,2,0,2,2,0,2,1,3,3,1,2,3,0,0
"808",3,2,2,2,2,3,2,3,3,3,3,2,0,1,1
"809",3,1,3,3,2,2,2,3,0,3,1,2,0,1,0
"810",0,0,1,0,1,2,0,2,3,1,3,2,0,0,0
"811",3,2,3,1,2,1,0,2,2,0,3,2,3,1,3
"812",3,1,1,3,2,0,2,3,0,3,3,2,0,1,0
"813",3,2,3,1,2,2,2,0,0,0,0,2,0,1,0
"814",3,0,0,2,0,0,0,0,0,3,2,1,0,1,0
"815",3,1,3,0,2,3,2,0,3,1,2,3,3,1,0
"816",3,2,3,3,2,1,2,0,3,1,3,2,2,1,3
"817",2,2,3,2,2,3,2,3,3,3,3,3,3,1,1
"818",3,1,1,0,1,0,2,0,3,0,0,0,0,0,0
"819",0,0,3,1,2,1,1,2,0,0,2,0,0,1,0
"820",3,2,1,1,2,2,2,0,3,3,3,2,0,1,1
"821",0,1,3,0,2,0,2,3,0,0,0,2,0,1,1
"822",2,1,3,2,2,1,2,3,0,3,3,2,0,1,1
"823",0,1,3,3,2,1,2,3,3,3,3,2,1,1,0
"824",3,1,2,2,2,1,2,0,0,3,1,2,0,1,2
"825",3,1,2,2,2,3,2,0,3,3,1,2,0,1,2
"826",3,2,2,1,2,1,2,3,0,1,3,2,0,1,2
"827",2,1,0,0,2,0,2,0,0,3,0,2,3,1,0
"828",3,2,3,3,3,2,2,3,3,1,3,2,1,1,2
"829",1,1,1,1,2,0,1,0,0,0,0,3,3,1,0
"830",3,1,1,1,2,1,2,2,3,3,0,2,0,1,1
"831",3,2,1,1,2,0,2,0,3,0,2,0,0,1,0
"832",0,2,3,3,2,3,2,3,3,0,1,1,3,1,2
"833",3,1,3,1,2,3,2,1,0,1,3,2,3,1,2
"834",0,1,0,1,2,1,2,0,0,0,2,2,2,1,0
"835",3,1,0,0,2,3,2,2,3,3,1,3,3,1,1
"836",3,2,3,3,2,3,2,3,3,3,1,2,3,1,2
"837",3,2,3,3,3,3,2,3,0,1,3,3,3,2,2
"838",3,2,1,2,2,0,2,3,2,0,1,2,0,1,2
"839",0,1,1,2,2,1,2,0,0,0,0,2,0,1,0
"840",3,1,1,1,2,0,2,0,2,3,1,0,3,1,0
"841",0,2,3,3,2,3,2,0,0,3,3,3,3,1,2
"842",0,0,1,2,2,1,2,0,0,0,0,0,0,0,1
"843",2,3,3,2,3,3,3,3,3,0,3,2,2,1,0
"844",3,1,2,0,2,0,2,3,3,1,0,2,1,1,0
"845",3,0,0,0,2,1,2,3,0,3,3,2,0,1,2
"846",0,2,2,2,2,1,2,1,3,1,3,2,0,1,2
"847",0,2,3,0,2,1,2,3,2,0,3,3,3,1,1
"848",3,1,2,1,2,3,2,3,3,3,3,2,0,0,1
"849",3,1,1,0,1,1,2,0,0,3,2,2,1,0,0
"850",0,2,2,1,2,2,2,0,0,1,0,0,0,1,1
"851",3,2,3,0,2,3,2,0,3,1,0,2,1,1,2
"852",3,3,2,0,2,2,2,3,3,0,1,2,0,1,2
"853",0,2,1,0,1,1,1,0,0,3,1,2,1,1,1
"854",0,1,1,1,0,1,2,1,0,1,1,2,2,0,0
"855",2,0,3,1,2,3,2,3,0,3,3,2,0,1,2
"856",0,1,1,0,2,1,2,0,3,3,2,1,3,0,2
"857",2,2,1,1,2,1,2,0,3,0,3,0,0,1,1
"858",3,1,3,0,2,0,2,2,3,1,3,2,3,1,1
"859",2,1,2,1,2,1,0,2,2,1,0,0,0,0,0
"860",3,1,2,0,2,2,2,0,3,3,1,2,3,1,1
"861",3,1,3,0,2,1,2,3,3,3,3,2,0,1,2
"862",3,1,2,3,2,3,2,0,3,3,3,2,3,1,2
"863",2,1,1,0,1,1,0,2,3,3,1,2,0,1,1
"864",0,1,1,1,2,2,2,0,3,3,3,3,3,1,0
"865",0,1,2,2,2,2,2,0,0,0,2,2,2,1,2
"866",2,2,3,2,2,1,2,3,3,3,1,3,0,1,2
"867",2,2,2,1,2,1,2,0,3,2,3,3,0,1,2
"868",2,1,3,0,1,1,2,1,0,3,1,1,0,1,0
"869",3,1,3,2,2,0,2,3,3,1,1,3,0,0,1
"870",3,0,3,1,2,0,2,0,0,3,3,2,3,1,0
"871",3,2,1,3,2,2,2,0,3,0,0,2,3,3,2
"872",0,1,2,2,2,1,2,3,1,3,3,2,2,1,2
"873",2,2,0,1,2,0,2,0,3,3,3,2,2,0,1
"874",0,2,1,1,2,1,2,3,0,0,2,2,3,0,0
"875",3,0,3,0,2,1,2,0,3,3,3,2,0,0,0
"876",2,1,1,1,2,2,1,3,0,0,3,0,0,1,2
"877",3,2,3,3,2,1,2,0,3,3,3,2,3,1,2
"878",0,2,3,1,2,1,2,0,0,3,3,3,0,1,1
"879",3,1,3,1,2,1,2,0,0,0,3,1,3,1,1
"880",0,1,2,3,2,1,2,0,0,1,3,3,0,1,1
"881",2,1,2,1,2,1,2,0,0,0,2,2,0,1,0
"882",3,2,3,0,2,2,2,2,3,3,0,2,3,1,2
"883",3,2,3,3,2,0,2,0,3,1,3,1,3,1,2
"884",2,1,2,1,2,0,2,1,3,1,0,1,1,1,1
"885",2,2,2,2,2,1,2,3,0,3,3,2,0,1,2
"886",3,2,3,2,2,3,2,2,3,3,1,3,3,1,2
"887",3,1,0,1,2,0,1,2,3,3,3,2,2,1,2
"888",3,2,3,1,2,1,2,1,3,3,3,2,3,1,2
"889",3,2,1,1,2,0,0,3,3,1,3,0,0,1,0
"890",0,1,1,3,2,1,2,0,2,3,3,2,2,1,3
"891",3,2,1,3,2,1,2,3,0,3,1,2,0,1,0
"892",3,1,1,2,2,3,2,1,0,3,2,2,3,0,0
"893",0,2,3,3,2,3,2,3,3,2,3,0,0,1,1
"894",0,1,1,0,2,2,2,3,0,3,3,3,0,1,2
"895",2,2,1,2,2,3,2,2,0,3,2,2,3,1,2
"896",3,1,1,2,2,1,2,3,3,0,3,2,0,1,1
"897",3,0,1,3,2,1,2,0,3,3,3,2,3,1,2
"898",0,2,3,1,2,2,2,0,3,0,3,2,2,1,3
"899",0,0,0,0,2,0,0,0,0,0,3,2,0,0,0
"900",0,1,0,0,2,0,2,0,3,3,1,2,0,1,0
"901",2,0,0,0,2,0,0,0,0,1,0,0,1,0,0
"902",3,2,2,2,2,2,2,1,0,3,3,2,3,1,0
"903",3,2,2,1,2,1,1,0,3,3,1,2,0,1,1
"904",0,0,1,0,2,0,2,0,0,0,0,2,2,0,0
"905",3,2,2,2,2,3,2,3,0,1,2,2,0,1,0
"906",1,1,1,0,2,1,2,0,0,0,0,1,0,0,1
"907",3,1,3,1,2,3,3,0,3,3,1,2,3,1,3
"908",0,0,3,1,2,2,2,0,3,3,3,3,0,1,2
"909",3,1,3,3,2,1,2,3,3,3,0,2,0,1,0
"910",0,1,1,1,2,1,2,0,3,0,3,2,2,1,0
"911",3,2,3,2,2,1,2,0,0,1,3,2,0,1,0
"912",0,1,1,0,2,0,1,0,0,1,1,2,1,1,0
"913",0,1,1,0,2,0,0,0,0,3,2,0,0,0,0
"914",0,1,1,1,2,3,2,1,3,0,0,2,0,1,1
"915",3,2,3,2,2,3,3,3,3,3,3,2,3,1,2
"916",0,2,0,1,2,0,0,3,0,1,0,2,2,1,0
"917",2,1,1,0,2,1,2,2,0,0,2,2,0,1,1
"918",3,2,3,0,2,0,2,2,3,3,2,2,0,1,2
"919",3,1,2,3,2,1,2,3,3,3,1,1,0,1,0
"920",3,2,3,2,2,1,2,1,3,1,3,3,3,1,0
"921",3,2,3,0,2,1,2,2,3,3,3,2,2,1,2
"922",3,2,3,3,2,3,3,3,3,3,2,2,1,2,3
"923",2,1,1,3,2,1,2,3,3,1,1,2,2,1,2
"924",0,1,2,0,2,0,2,2,3,1,3,0,2,1,0
"925",3,1,1,2,3,2,2,2,0,1,3,2,0,1,1
"926",3,0,1,0,2,2,2,2,2,0,0,2,2,1,0
"927",2,1,1,1,2,0,2,3,0,1,3,2,3,0,1
"928",2,1,2,2,2,1,1,0,3,3,1,2,3,1,2
"929",3,1,2,1,2,2,2,0,3,3,3,3,3,1,2
"930",3,2,3,2,2,3,2,2,3,0,3,2,1,1,1
"931",3,2,2,1,2,1,2,2,0,3,3,2,3,1,1
"932",0,2,3,2,2,0,2,0,3,3,3,2,0,1,1
"933",1,1,0,1,2,2,2,2,0,0,0,1,2,1,1
"934",0,0,0,0,0,0,1,0,0,1,0,0,1,1,0
"935",3,2,2,1,2,1,2,0,0,3,3,1,0,1,1
"936",2,2,3,3,2,3,2,0,2,1,3,2,3,1,1
"937",2,2,2,2,2,1,2,0,3,3,1,2,2,1,0
"938",2,1,2,0,1,1,2,0,0,3,3,2,3,1,1
"939",0,2,1,0,1,2,2,0,0,1,3,2,0,0,0
"940",0,1,2,0,2,1,2,0,3,0,2,3,2,0,1
"941",3,2,3,1,2,1,2,0,3,2,2,0,0,0,2
"942",3,1,3,1,2,2,1,3,3,3,1,2,3,1,2
"943",3,1,2,1,2,2,2,0,3,1,3,2,3,1,2
"944",2,2,2,3,2,1,2,2,0,1,3,2,2,1,1
"945",2,1,1,0,1,2,2,0,3,3,1,2,3,1,2
"946",3,1,3,2,2,1,2,0,3,3,1,2,1,1,1
"947",3,2,3,2,2,3,2,3,2,3,3,2,3,1,2
"948",2,3,3,3,2,2,2,3,3,3,3,2,0,3,3
"949",3,1,2,1,1,0,1,0,3,0,1,1,0,1,1
"950",3,1,3,2,2,0,2,0,0,3,0,2,0,1,2
"951",2,2,3,3,2,2,2,0,2,3,3,1,3,1,2
"952",2,1,0,0,2,2,2,2,3,3,3,2,0,1,0
"953",3,2,2,3,2,1,2,2,3,3,3,2,3,1,1
"954",1,2,1,3,2,1,2,2,3,3,3,2,0,1,2
"955",2,1,2,2,2,0,0,3,0,1,0,2,2,1,1
"956",0,1,1,2,2,0,2,3,0,3,2,2,3,1,2
"957",3,2,1,3,2,1,2,3,2,0,3,2,0,1,2
"958",1,2,3,3,2,1,2,0,3,0,1,2,0,1,2
"959",2,1,1,1,2,2,1,0,0,3,1,2,0,1,0
"960",0,0,0,0,2,0,0,0,0,3,1,2,0,0,0
"961",0,1,1,0,2,1,0,2,0,1,3,2,2,1,0
"962",3,2,1,1,2,2,2,0,3,3,3,2,0,0,2
"963",0,0,1,0,0,0,2,2,0,1,0,0,0,0,0
"964",2,2,3,3,2,3,2,2,3,3,2,3,3,1,3
"965",2,0,0,0,0,1,2,0,3,0,0,1,2,0,0
"966",0,1,1,0,2,0,2,3,2,3,3,0,3,0,0
"967",0,2,3,2,2,3,2,3,3,3,3,2,0,1,2
"968",0,0,1,0,0,2,0,1,0,0,0,0,0,0,0
"969",3,2,3,3,2,2,2,3,2,3,3,2,1,1,2
"970",3,1,2,1,2,0,2,2,3,1,2,2,0,1,1
"971",3,2,1,1,2,3,0,3,3,3,3,2,0,1,0
"972",0,2,3,1,2,1,2,0,3,3,3,2,0,1,2
"973",3,1,2,0,2,3,2,3,0,1,2,3,3,0,0
"974",2,1,1,1,2,1,0,3,2,0,1,2,1,0,0
"975",0,0,0,1,0,0,0,3,0,0,1,2,1,0,0
"976",3,1,1,0,2,2,2,3,3,0,3,0,2,1,1
"977",3,1,1,2,2,1,2,0,2,3,3,3,0,1,0
"978",0,2,2,3,2,2,2,0,0,0,1,2,3,1,2
"979",3,2,3,3,2,2,2,3,3,3,3,2,0,1,2
"980",0,1,3,2,2,1,2,3,0,3,3,2,1,1,2
"981",2,1,2,0,2,1,2,2,0,0,0,2,3,1,2
"982",3,2,2,2,0,2,2,0,3,0,3,2,2,1,2
"983",3,2,2,1,2,1,0,0,0,0,2,2,0,1,0
"984",2,0,1,2,2,1,2,0,3,3,3,1,3,1,2
"985",2,2,3,2,2,2,1,0,3,3,3,2,3,1,2
"986",0,1,2,2,2,0,2,3,2,3,3,2,0,1,1
"987",3,1,1,0,2,0,2,3,3,3,3,1,3,1,0
"988",3,2,2,2,2,0,2,3,2,3,2,2,0,1,2
"989",3,2,1,2,2,1,1,3,0,3,1,3,0,1,2
"990",3,1,2,2,2,3,2,3,3,3,2,2,2,3,1
"991",3,2,1,1,2,3,2,2,3,3,0,1,0,1,1
"992",0,1,1,2,2,1,0,2,3,3,3,1,0,0,2
"993",2,1,2,2,2,1,2,0,0,1,3,3,0,1,1
"994",2,2,3,1,2,2,2,0,0,3,2,2,3,1,0
"995",3,2,0,3,2,3,2,0,3,2,3,2,0,1,0
"996",0,1,3,0,1,0,2,2,3,3,1,2,0,0,0
"997",0,1,1,0,2,0,2,0,2,0,1,2,0,1,0
"998",0,1,1,0,2,0,2,3,0,0,1,1,1,1,0
"999",0,1,0,2,2,0,2,0,3,3,0,2,0,0,1
"1000",1,0,1,0,2,1,0,0,0,3,3,2,0,1,2
